﻿legislation,rule,applicability,sources,effective_date,updated_date,response
"The Maharashtra Shops and Establishments (Regulation of Employment and Conditions of Service) Act, 2017","The Maharashtra Shops and Establishments (Regulation of Employment and Conditions of Service) Rules, 201",NA,test source 101,2023-09-29T18:30:00.000Z,2023-07-31T00:00:00.000Z,Record Added.
"The Maharashtra Shops and Establishments (Regulation of Employment and Conditions of Service) Act, 2018","The Maharashtra Shops and Establishments (Regulation of Employment and Conditions of Service) Rules, 202",NA,test source 102,2023-09-29T18:30:00.000Z,2023-07-31T00:00:00.000Z,Record Added.
"The Maharashtra Shops and Establishments (Regulation of Employment and Conditions of Service) Act, 2019","The Maharashtra Shops and Establishments (Regulation of Employment and Conditions of Service) Rules, 203",NA,test source 103,2023-09-29T18:30:00.000Z,2023-07-31T00:00:00.000Z,Record Added.
"The Maharashtra Shops and Establishments (Regulation of Employment and Conditions of Service) Act, 2020","The Maharashtra Shops and Establishments (Regulation of Employment and Conditions of Service) Rules, 204",NA,test source 104,2023-09-29T18:30:00.000Z,2023-07-31T00:00:00.000Z,Record Added.
"The Maharashtra Shops and Establishments (Regulation of Employment and Conditions of Service) Act, 2021","The Maharashtra Shops and Establishments (Regulation of Employment and Conditions of Service) Rules, 205",NA,test source 105,2023-09-29T18:30:00.000Z,2023-07-31T00:00:00.000Z,Record Added.
"The Maharashtra Shops and Establishments (Regulation of Employment and Conditions of Service) Act, 2022","The Maharashtra Shops and Establishments (Regulation of Employment and Conditions of Service) Rules, 206",NA,test source 106,2023-09-29T18:30:00.000Z,2023-07-31T00:00:00.000Z,Record Added.
"The Maharashtra Shops and Establishments (Regulation of Employment and Conditions of Service) Act, 2023","The Maharashtra Shops and Establishments (Regulation of Employment and Conditions of Service) Rules, 207",NA,test source 107,2023-09-29T18:30:00.000Z,2023-07-31T00:00:00.000Z,Record Added.
"The Maharashtra Shops and Establishments (Regulation of Employment and Conditions of Service) Act, 2024","The Maharashtra Shops and Establishments (Regulation of Employment and Conditions of Service) Rules, 208",NA,test source 108,2023-09-29T18:30:00.000Z,2023-07-31T00:00:00.000Z,Record Added.