[
  {
    "name": "Afghanistan",
    "short_name": "AF",
    "country_code": "93",
    "timezone": "Asia/Kabul",
    "uts_offset": "",
    "status": 1
  },
  {
    "name": "Åland Islands",
    "short_name": "AX",
    "country_code": "358",
    "timezone": "",
    "uts_offset": "",
    "status": 1
  },
  {
    "name": "Albania",
    "short_name": "AL",
    "country_code": "355",
    "timezone": "Europe/Tirane",
    "uts_offset": "",
    "status": 1
  },
  {
    "name": "Algeria",
    "short_name": "DZ",
    "country_code": "213",
    "timezone": "Africa/Algiers",
    "uts_offset": "+01:00",
    "status": 1
  },
  {
    "name": "American Samoa",
    "short_name": "AS",
    "country_code": "1-684",
    "timezone": "Pacific/Pago_Pago",
    "uts_offset": "",
    "status": 1
  },
  {
    "name": "Andorra",
    "short_name": "AD",
    "country_code": "376",
    "timezone": "Europe/Andorra",
    "uts_offset": "",
    "status": 1
  },
  {
    "name": "Angola",
    "short_name": "AO",
    "country_code": "244",
    "timezone": "Africa/Luanda",
    "uts_offset": "+01:00",
    "status": 1
  },
  {
    "name": "Anguilla",
    "short_name": "AI",
    "country_code": "1-264",
    "timezone": "America/Anguilla",
    "uts_offset": "",
    "status": 1
  },
  {
    "name": "Antarctica",
    "short_name": "AQ",
    "country_code": "672",
    "timezone": "Antarctica/Vostok",
    "uts_offset": "",
    "status": 1
  },
  {
    "name": "Antigua and Barbuda",
    "short_name": "AG",
    "country_code": "1-268",
    "timezone": "America/Antigua",
    "uts_offset": "",
    "status": 1
  },
  {
    "name": "Argentina",
    "short_name": "AR",
    "country_code": "54",
    "timezone": "America/Argentina/Ushuaia",
    "uts_offset": "",
    "status": 1
  },
  {
    "name": "Armenia",
    "short_name": "AM",
    "country_code": "374",
    "timezone": "Asia/Yerevan",
    "uts_offset": "",
    "status": 1
  },
  {
    "name": "Aruba",
    "short_name": "AW",
    "country_code": "297",
    "timezone": "America/Aruba",
    "uts_offset": "",
    "status": 1
  },
  {
    "name": "Australia",
    "short_name": "AU",
    "country_code": "61",
    "timezone": "Australia/Sydney",
    "uts_offset": "",
    "status": 1
  },
  {
    "name": "Austria",
    "short_name": "AT",
    "country_code": "43",
    "timezone": "Europe/Vienna",
    "uts_offset": "",
    "status": 1
  },
  {
    "name": "Azerbaijan",
    "short_name": "AZ",
    "country_code": "994",
    "timezone": "Asia/Baku",
    "uts_offset": "",
    "status": 1
  },
  {
    "name": "Bahamas",
    "short_name": "BS",
    "country_code": "242",
    "timezone": "America/Nassau",
    "uts_offset": "",
    "status": 1
  },
  {
    "name": "Bahrain",
    "short_name": "BH",
    "country_code": "973",
    "timezone": "Asia/Bahrain",
    "uts_offset": "",
    "status": 1
  },
  {
    "name": "Bangladesh",
    "short_name": "BD",
    "country_code": "880",
    "timezone": "Asia/Dhaka",
    "uts_offset": "",
    "status": 1
  },
  {
    "name": "Barbados",
    "short_name": "BB",
    "country_code": "1-246",
    "timezone": "America/Barbados",
    "uts_offset": "",
    "status": 1
  },
  {
    "name": "Belarus",
    "short_name": "BY",
    "country_code": "375",
    "timezone": "Europe/Minsk",
    "uts_offset": "",
    "status": 1
  },
  {
    "name": "Belgium",
    "short_name": "BE",
    "country_code": "32",
    "timezone": "Europe/Brussels",
    "uts_offset": "",
    "status": 1
  },
  {
    "name": "Belize",
    "short_name": "BZ",
    "country_code": "501",
    "timezone": "America/Belize",
    "uts_offset": "",
    "status": 1
  },
  {
    "name": "Benin",
    "short_name": "BJ",
    "country_code": "229",
    "timezone": "Africa/Porto-Novo",
    "uts_offset": "+01:00",
    "status": 1
  },
  {
    "name": "Bermuda",
    "short_name": "BM",
    "country_code": "1-441",
    "timezone": "Atlantic/Bermuda",
    "uts_offset": "",
    "status": 1
  },
  {
    "name": "Bhutan",
    "short_name": "BT",
    "country_code": "975",
    "timezone": "Asia/Thimphu",
    "uts_offset": "",
    "status": 1
  },
  {
    "name": "Bolivia (Plurinational State of)",
    "short_name": "BO",
    "country_code": "591",
    "timezone": "America/La_Paz",
    "uts_offset": "",
    "status": 1
  },
  {
    "name": "Bonaire, Sint Eustatius and Saba",
    "short_name": "BQ",
    "country_code": "",
    "timezone": "",
    "uts_offset": "",
    "status": 1
  },
  {
    "name": "Bosnia and Herzegovina",
    "short_name": "BA",
    "country_code": "387",
    "timezone": "Europe/Sarajevo",
    "uts_offset": "",
    "status": 1
  },
  {
    "name": "Botswana",
    "short_name": "BW",
    "country_code": "267",
    "timezone": "Africa/Gaborone",
    "uts_offset": "+02:00",
    "status": 1
  },
  {
    "name": "Bouvet Island",
    "short_name": "BV",
    "country_code": "47",
    "timezone": "",
    "uts_offset": "",
    "status": 1
  },
  {
    "name": "Brazil",
    "short_name": "BR",
    "country_code": "55",
    "timezone": "America/Sao_Paulo",
    "uts_offset": "",
    "status": 1
  },
  {
    "name": "British Indian Ocean Territory",
    "short_name": "IO",
    "country_code": "246",
    "timezone": "Indian/Chagos",
    "uts_offset": "",
    "status": 1
  },
  {
    "name": "British Virgin Islands",
    "short_name": "VG",
    "country_code": "1-284",
    "timezone": "",
    "uts_offset": "",
    "status": 1
  },
  {
    "name": "Brunei Darussalam",
    "short_name": "BN",
    "country_code": "673",
    "timezone": "Asia/Brunei",
    "uts_offset": "",
    "status": 1
  },
  {
    "name": "Bulgaria",
    "short_name": "BG",
    "country_code": "359",
    "timezone": "Europe/Sofia",
    "uts_offset": "",
    "status": 1
  },
  {
    "name": "Burkina Faso",
    "short_name": "BF",
    "country_code": "226",
    "timezone": "Africa/Ouagadougou",
    "uts_offset": "+00:00",
    "status": 1
  },
  {
    "name": "Burundi",
    "short_name": "BI",
    "country_code": "257",
    "timezone": "Africa/Bujumbura",
    "uts_offset": "+02:00",
    "status": 1
  },
  {
    "name": "Cabo Verde",
    "short_name": "CV",
    "country_code": "238",
    "timezone": "",
    "uts_offset": "",
    "status": 1
  },
  {
    "name": "Cambodia",
    "short_name": "KH",
    "country_code": "855",
    "timezone": "Asia/Phnom_Penh",
    "uts_offset": "",
    "status": 1
  },
  {
    "name": "Cameroon",
    "short_name": "CM",
    "country_code": "237",
    "timezone": "Africa/Douala",
    "uts_offset": "+01:00",
    "status": 1
  },
  {
    "name": "Canada",
    "short_name": "CA",
    "country_code": "1",
    "timezone": "America/Yellowknife",
    "uts_offset": "",
    "status": 1
  },
  {
    "name": "Cayman Islands",
    "short_name": "KY",
    "country_code": "1-345",
    "timezone": "Atlantic/Cape_Verde",
    "uts_offset": "",
    "status": 1
  },
  {
    "name": "Central African Republic",
    "short_name": "CF",
    "country_code": "236",
    "timezone": "America/Cayman",
    "uts_offset": "",
    "status": 1
  },
  {
    "name": "Chad",
    "short_name": "TD",
    "country_code": "235",
    "timezone": "Africa/Bangui",
    "uts_offset": "+01:00",
    "status": 1
  },
  {
    "name": "Chile",
    "short_name": "CL",
    "country_code": "56",
    "timezone": "Africa/Ndjamena",
    "uts_offset": "+01:00",
    "status": 1
  },
  {
    "name": "China",
    "short_name": "CN",
    "country_code": "86",
    "timezone": "Pacific/Easter",
    "uts_offset": "",
    "status": 1
  },
  {
    "name": "Christmas Island",
    "short_name": "CX",
    "country_code": "61",
    "timezone": "Asia/Urumqi",
    "uts_offset": "",
    "status": 1
  },
  {
    "name": "Cocos (Keeling) Islands",
    "short_name": "CC",
    "country_code": "61",
    "timezone": "Indian/Christmas",
    "uts_offset": "",
    "status": 1
  },
  {
    "name": "Colombia",
    "short_name": "CO",
    "country_code": "57",
    "timezone": "Indian/Cocos",
    "uts_offset": "",
    "status": 1
  },
  {
    "name": "Comoros",
    "short_name": "KM",
    "country_code": "269",
    "timezone": "America/Bogota",
    "uts_offset": "",
    "status": 1
  },
  {
    "name": "Congo",
    "short_name": "CG",
    "country_code": "243",
    "timezone": "Indian/Comoro",
    "uts_offset": "",
    "status": 1
  },
  {
    "name": "Cook Islands",
    "short_name": "CK",
    "country_code": "682",
    "timezone": "Pacific/Rarotonga",
    "uts_offset": "",
    "status": 1
  },
  {
    "name": "Costa Rica",
    "short_name": "CR",
    "country_code": "506",
    "timezone": "America/Costa_Rica",
    "uts_offset": "",
    "status": 1
  },
  {
    "name": "Cote D'Ivoire",
    "short_name": "CI",
    "country_code": "225",
    "timezone": "Africa/Abidjan",
    "uts_offset": "+00:00",
    "status": 1
  },
  {
    "name": "Croatia",
    "short_name": "HR",
    "country_code": "385",
    "timezone": "Europe/Zagreb",
    "uts_offset": "",
    "status": 1
  },
  {
    "name": "Cuba",
    "short_name": "CU",
    "country_code": "53",
    "timezone": "America/Havana",
    "uts_offset": "",
    "status": 1
  },
  {
    "name": "Curacao",
    "short_name": "CW",
    "country_code": "599",
    "timezone": "",
    "uts_offset": "",
    "status": 1
  },
  {
    "name": "Cyprus",
    "short_name": "CY",
    "country_code": "357",
    "timezone": "Asia/Nicosia",
    "uts_offset": "",
    "status": 1
  },
  {
    "name": "Czechia",
    "short_name": "CZ",
    "country_code": "420",
    "timezone": "Europe/Prague",
    "uts_offset": "",
    "status": 1
  },
  {
    "name": "Denmark",
    "short_name": "DK",
    "country_code": "45",
    "timezone": "Europe/Copenhagen",
    "uts_offset": "",
    "status": 1
  },
  {
    "name": "Djibouti",
    "short_name": "DJ",
    "country_code": "253",
    "timezone": "Africa/Djibouti",
    "uts_offset": "+03:00",
    "status": 1
  },
  {
    "name": "Dominica",
    "short_name": "DM",
    "country_code": "1-767",
    "timezone": "America/Dominica",
    "uts_offset": "",
    "status": 1
  },
  {
    "name": "Dominican Republic",
    "short_name": "DO",
    "country_code": "1-809,1-829,1-849",
    "timezone": "America/Santo_Domingo",
    "uts_offset": "",
    "status": 1
  },
  {
    "name": "Ecuador",
    "short_name": "EC",
    "country_code": "593",
    "timezone": "",
    "uts_offset": "",
    "status": 1
  },
  {
    "name": "Egypt",
    "short_name": "EG",
    "country_code": "20",
    "timezone": "Pacific/Galapagos",
    "uts_offset": "",
    "status": 1
  },
  {
    "name": "El Salvador",
    "short_name": "SV",
    "country_code": "503",
    "timezone": "Africa/Cairo",
    "uts_offset": "+02:00",
    "status": 1
  },
  {
    "name": "Equatorial Guinea",
    "short_name": "GQ",
    "country_code": "240",
    "timezone": "America/El_Salvador",
    "uts_offset": "",
    "status": 1
  },
  {
    "name": "Eritrea",
    "short_name": "ER",
    "country_code": "291",
    "timezone": "Africa/Malabo",
    "uts_offset": "+01:00",
    "status": 1
  },
  {
    "name": "Estonia",
    "short_name": "EE",
    "country_code": "372",
    "timezone": "Africa/Asmara",
    "uts_offset": "+03:00",
    "status": 1
  },
  {
    "name": "Eswatini",
    "short_name": "SZ-1",
    "country_code": "268",
    "timezone": "Europe/Tallinn",
    "uts_offset": "",
    "status": 1
  },
  {
    "name": "Ethiopia",
    "short_name": "ET",
    "country_code": "251",
    "timezone": "Africa/Addis_Ababa",
    "uts_offset": "+03:00",
    "status": 1
  },
  {
    "name": "Falkland Islands (Malvinas)",
    "short_name": "FK",
    "country_code": "500",
    "timezone": "Atlantic/Stanley",
    "uts_offset": "",
    "status": 1
  },
  {
    "name": "Faroe Islands",
    "short_name": "FO",
    "country_code": "298",
    "timezone": "Atlantic/Faroe",
    "uts_offset": "",
    "status": 1
  },
  {
    "name": "Fiji",
    "short_name": "FJ",
    "country_code": "679",
    "timezone": "Pacific/Fiji",
    "uts_offset": "",
    "status": 1
  },
  {
    "name": "Finland",
    "short_name": "FI",
    "country_code": "358",
    "timezone": "Europe/Helsinki",
    "uts_offset": "",
    "status": 1
  },
  {
    "name": "France",
    "short_name": "FR",
    "country_code": "33",
    "timezone": "Europe/Paris",
    "uts_offset": "",
    "status": 1
  },
  {
    "name": "French Guiana",
    "short_name": "GF",
    "country_code": "594",
    "timezone": "",
    "uts_offset": "",
    "status": 1
  },
  {
    "name": "French Polynesia",
    "short_name": "PF",
    "country_code": "689",
    "timezone": "America/Cayenne",
    "uts_offset": "",
    "status": 1
  },
  {
    "name": "French Southern Territories",
    "short_name": "TF",
    "country_code": "262",
    "timezone": "Pacific/Tahiti",
    "uts_offset": "",
    "status": 1
  },
  {
    "name": "Gabon",
    "short_name": "GA",
    "country_code": "241",
    "timezone": "Indian/Kerguelen",
    "uts_offset": "",
    "status": 1
  },
  {
    "name": "Gambia",
    "short_name": "GM",
    "country_code": "220",
    "timezone": "Africa/Libreville",
    "uts_offset": "+01:00",
    "status": 1
  },
  {
    "name": "Georgia",
    "short_name": "GE",
    "country_code": "995",
    "timezone": "Africa/Banjul",
    "uts_offset": "+00:00",
    "status": 1
  },
  {
    "name": "Germany",
    "short_name": "DE",
    "country_code": "49",
    "timezone": "Asia/Tbilisi",
    "uts_offset": "",
    "status": 1
  },
  {
    "name": "Ghana",
    "short_name": "GH",
    "country_code": "233",
    "timezone": "Europe/Berlin",
    "uts_offset": "",
    "status": 1
  },
  {
    "name": "Gibraltar",
    "short_name": "GI",
    "country_code": "350",
    "timezone": "Africa/Accra",
    "uts_offset": "+00:00",
    "status": 1
  },
  {
    "name": "Greece",
    "short_name": "GR",
    "country_code": "30",
    "timezone": "Europe/Gibraltar",
    "uts_offset": "",
    "status": 1
  },
  {
    "name": "Greenland",
    "short_name": "GL",
    "country_code": "299",
    "timezone": "Europe/Athens",
    "uts_offset": "",
    "status": 1
  },
  {
    "name": "Grenada",
    "short_name": "GD",
    "country_code": "1-473",
    "timezone": "America/Thule",
    "uts_offset": "",
    "status": 1
  },
  {
    "name": "Guadeloupe",
    "short_name": "GP",
    "country_code": "590",
    "timezone": "America/Grenada",
    "uts_offset": "",
    "status": 1
  },
  {
    "name": "Guam",
    "short_name": "GU",
    "country_code": "1-671",
    "timezone": "America/Guadeloupe",
    "uts_offset": "",
    "status": 1
  },
  {
    "name": "Guatemala",
    "short_name": "GT",
    "country_code": "502",
    "timezone": "Pacific/Guam",
    "uts_offset": "",
    "status": 1
  },
  {
    "name": "Guernsey",
    "short_name": "GG",
    "country_code": "44",
    "timezone": "America/Guatemala",
    "uts_offset": "",
    "status": 1
  },
  {
    "name": "Guinea",
    "short_name": "GN",
    "country_code": "224",
    "timezone": "Africa/Conakry",
    "uts_offset": "+00:00",
    "status": 1
  },
  {
    "name": "Guinea-Bissau",
    "short_name": "GW",
    "country_code": "245",
    "timezone": "Africa/Bissau",
    "uts_offset": "+00:00",
    "status": 1
  },
  {
    "name": "Guyana",
    "short_name": "GY",
    "country_code": "592",
    "timezone": "America/Guyana",
    "uts_offset": "",
    "status": 1
  },
  {
    "name": "Haiti",
    "short_name": "HT",
    "country_code": "509",
    "timezone": "America/Port-au-Prince",
    "uts_offset": "",
    "status": 1
  },
  {
    "name": "Heard Island and McDonald Islands",
    "short_name": "HM",
    "country_code": "672",
    "timezone": "",
    "uts_offset": "",
    "status": 1
  },
  {
    "name": "Holy See",
    "short_name": "VA",
    "country_code": "39-06",
    "timezone": "",
    "uts_offset": "",
    "status": 1
  },
  {
    "name": "Honduras",
    "short_name": "HN",
    "country_code": "504",
    "timezone": "America/Tegucigalpa",
    "uts_offset": "",
    "status": 1
  },
  {
    "name": "Hong Kong",
    "short_name": "HK",
    "country_code": "852",
    "timezone": "Asia/Hong_Kong",
    "uts_offset": "",
    "status": 1
  },
  {
    "name": "Hungary",
    "short_name": "HU",
    "country_code": "36",
    "timezone": "Europe/Budapest",
    "uts_offset": "",
    "status": 1
  },
  {
    "name": "Iceland",
    "short_name": "IS",
    "country_code": "354",
    "timezone": "Atlantic/Reykjavik",
    "uts_offset": "",
    "status": 1
  },
  {
    "name": "India",
    "short_name": "IN",
    "country_code": "91",
    "timezone": "Asia/Kolkata",
    "uts_offset": "+05:30",
    "status": 1
  },
  {
    "name": "Indonesia",
    "short_name": "ID",
    "country_code": "62",
    "timezone": "Asia/Pontianak",
    "uts_offset": "",
    "status": 1
  },
  {
    "name": "Iran (Islamic Republic of)",
    "short_name": "IR",
    "country_code": "98",
    "timezone": "Asia/Tehran",
    "uts_offset": "",
    "status": 1
  },
  {
    "name": "Iraq",
    "short_name": "IQ",
    "country_code": "964",
    "timezone": "Asia/Baghdad",
    "uts_offset": "",
    "status": 1
  },
  {
    "name": "Ireland",
    "short_name": "IE",
    "country_code": "353",
    "timezone": "Europe/Dublin",
    "uts_offset": "",
    "status": 1
  },
  {
    "name": "Isle of Man",
    "short_name": "IM",
    "country_code": "44",
    "timezone": "",
    "uts_offset": "",
    "status": 1
  },
  {
    "name": "Israel",
    "short_name": "IL",
    "country_code": "972",
    "timezone": "Asia/Jerusalem",
    "uts_offset": "",
    "status": 1
  },
  {
    "name": "Italy",
    "short_name": "IT",
    "country_code": "39",
    "timezone": "Europe/Rome",
    "uts_offset": "",
    "status": 1
  },
  {
    "name": "Jamaica",
    "short_name": "JM",
    "country_code": "1-876",
    "timezone": "America/Jamaica",
    "uts_offset": "",
    "status": 1
  },
  {
    "name": "Japan",
    "short_name": "JP",
    "country_code": "81",
    "timezone": "Asia/Tokyo",
    "uts_offset": "",
    "status": 1
  },
  {
    "name": "Jersey",
    "short_name": "JE",
    "country_code": "44",
    "timezone": "",
    "uts_offset": "",
    "status": 1
  },
  {
    "name": "Jordan",
    "short_name": "JO",
    "country_code": "962",
    "timezone": "Asia/Amman",
    "uts_offset": "",
    "status": 1
  },
  {
    "name": "Kazakhstan",
    "short_name": "KZ",
    "country_code": "7",
    "timezone": "Asia/Qyzylorda",
    "uts_offset": "",
    "status": 1
  },
  {
    "name": "Kenya",
    "short_name": "KE",
    "country_code": "254",
    "timezone": "Africa/Nairobi",
    "uts_offset": "+03:00",
    "status": 1
  },
  {
    "name": "Kiribati",
    "short_name": "KI",
    "country_code": "686",
    "timezone": "Pacific/Tarawa",
    "uts_offset": "",
    "status": 1
  },
  {
    "name": "Kuwait",
    "short_name": "KW",
    "country_code": "965",
    "timezone": "Asia/Kuwait",
    "uts_offset": "",
    "status": 1
  },
  {
    "name": "Kyrgyzstan",
    "short_name": "KG",
    "country_code": "996",
    "timezone": "Asia/Bishkek",
    "uts_offset": "",
    "status": 1
  },
  {
    "name": "Lao People's Democratic Republic",
    "short_name": "LA",
    "country_code": "856",
    "timezone": "Asia/Vientiane",
    "uts_offset": "",
    "status": 1
  },
  {
    "name": "Latvia",
    "short_name": "LV",
    "country_code": "371",
    "timezone": "Europe/Riga",
    "uts_offset": "",
    "status": 1
  },
  {
    "name": "Lebanon",
    "short_name": "LB",
    "country_code": "961",
    "timezone": "Asia/Beirut",
    "uts_offset": "",
    "status": 1
  },
  {
    "name": "Lesotho",
    "short_name": "LS",
    "country_code": "266",
    "timezone": "Africa/Maseru",
    "uts_offset": "+02:00",
    "status": 1
  },
  {
    "name": "Liberia",
    "short_name": "LR",
    "country_code": "231",
    "timezone": "Africa/Monrovia",
    "uts_offset": "+00:00",
    "status": 1
  },
  {
    "name": "Libya",
    "short_name": "LY",
    "country_code": "218",
    "timezone": "Africa/Tripoli",
    "uts_offset": "+01:00",
    "status": 1
  },
  {
    "name": "Liechtenstein",
    "short_name": "LI",
    "country_code": "423",
    "timezone": "Europe/Vaduz",
    "uts_offset": "",
    "status": 1
  },
  {
    "name": "Lithuania",
    "short_name": "LT",
    "country_code": "370",
    "timezone": "Europe/Vilnius",
    "uts_offset": "",
    "status": 1
  },
  {
    "name": "Luxembourg",
    "short_name": "LU",
    "country_code": "352",
    "timezone": "Europe/Luxembourg",
    "uts_offset": "",
    "status": 1
  },
  {
    "name": "Macao",
    "short_name": "MO",
    "country_code": "853",
    "timezone": "Asia/Macau",
    "uts_offset": "",
    "status": 1
  },
  {
    "name": "Madagascar",
    "short_name": "MG",
    "country_code": "261",
    "timezone": "Indian/Antananarivo",
    "uts_offset": "",
    "status": 1
  },
  {
    "name": "Malawi",
    "short_name": "MW",
    "country_code": "265",
    "timezone": "Africa/Blantyre",
    "uts_offset": "+02:00",
    "status": 1
  },
  {
    "name": "Malaysia",
    "short_name": "MY",
    "country_code": "60",
    "timezone": "Asia/Kuching",
    "uts_offset": "",
    "status": 1
  },
  {
    "name": "Maldives",
    "short_name": "MV",
    "country_code": "960",
    "timezone": "Indian/Maldives",
    "uts_offset": "",
    "status": 1
  },
  {
    "name": "Mali",
    "short_name": "ML",
    "country_code": "223",
    "timezone": "Africa/Bamako",
    "uts_offset": "+00:00",
    "status": 1
  },
  {
    "name": "Malta",
    "short_name": "MT",
    "country_code": "356",
    "timezone": "Europe/Malta",
    "uts_offset": "",
    "status": 1
  },
  {
    "name": "Marshall Islands",
    "short_name": "MH",
    "country_code": "692",
    "timezone": "Pacific/Majuro",
    "uts_offset": "",
    "status": 1
  },
  {
    "name": "Martinique",
    "short_name": "MQ",
    "country_code": "596",
    "timezone": "America/Martinique",
    "uts_offset": "",
    "status": 1
  },
  {
    "name": "Mauritania",
    "short_name": "MR",
    "country_code": "222",
    "timezone": "Africa/Nouakchott",
    "uts_offset": "+00:00",
    "status": 1
  },
  {
    "name": "Mauritius",
    "short_name": "MU",
    "country_code": "230",
    "timezone": "Indian/Mauritius",
    "uts_offset": "",
    "status": 1
  },
  {
    "name": "Mayotte",
    "short_name": "YT",
    "country_code": "262",
    "timezone": "Indian/Mayotte",
    "uts_offset": "",
    "status": 1
  },
  {
    "name": "Mexico",
    "short_name": "MX",
    "country_code": "52",
    "timezone": "America/Tijuana",
    "uts_offset": "",
    "status": 1
  },
  {
    "name": "Micronesia (Federated States of)",
    "short_name": "FM",
    "country_code": "691",
    "timezone": "Pacific/Pohnpei",
    "uts_offset": "",
    "status": 1
  },
  {
    "name": "Moldova, Republic of",
    "short_name": "MD",
    "country_code": "373",
    "timezone": "Europe/Chisinau",
    "uts_offset": "",
    "status": 1
  },
  {
    "name": "Monaco",
    "short_name": "MC",
    "country_code": "377",
    "timezone": "Europe/Monaco",
    "uts_offset": "",
    "status": 1
  },
  {
    "name": "Mongolia",
    "short_name": "MN",
    "country_code": "976",
    "timezone": "Asia/Ulaanbaatar",
    "uts_offset": "",
    "status": 1
  },
  {
    "name": "Montenegro",
    "short_name": "ME",
    "country_code": "382",
    "timezone": "",
    "uts_offset": "",
    "status": 1
  },
  {
    "name": "Montserrat",
    "short_name": "MS",
    "country_code": "1-664",
    "timezone": "America/Montserrat",
    "uts_offset": "",
    "status": 1
  },
  {
    "name": "Morocco",
    "short_name": "MA",
    "country_code": "212",
    "timezone": "Africa/Casablanca",
    "uts_offset": "+00:00",
    "status": 1
  },
  {
    "name": "Mozambique",
    "short_name": "MZ",
    "country_code": "258",
    "timezone": "Africa/Maputo",
    "uts_offset": "+02:00",
    "status": 1
  },
  {
    "name": "Myanmar",
    "short_name": "MM",
    "country_code": "95",
    "timezone": "Asia/Rangoon",
    "uts_offset": "",
    "status": 1
  },
  {
    "name": "Namibia",
    "short_name": "NA",
    "country_code": "264",
    "timezone": "Africa/Windhoek",
    "uts_offset": "+01:00",
    "status": 1
  },
  {
    "name": "Nauru",
    "short_name": "NR",
    "country_code": "674",
    "timezone": "Pacific/Nauru",
    "uts_offset": "",
    "status": 1
  },
  {
    "name": "Nepal",
    "short_name": "NP",
    "country_code": "977",
    "timezone": "Asia/Kathmandu",
    "uts_offset": "",
    "status": 1
  },
  {
    "name": "Netherlands",
    "short_name": "NL",
    "country_code": "31",
    "timezone": "Europe/Amsterdam",
    "uts_offset": "",
    "status": 1
  },
  {
    "name": "New Caledonia",
    "short_name": "NC",
    "country_code": "687",
    "timezone": "Pacific/Noumea",
    "uts_offset": "",
    "status": 1
  },
  {
    "name": "New Zealand",
    "short_name": "NZ",
    "country_code": "64",
    "timezone": "Pacific/Chatham",
    "uts_offset": "",
    "status": 1
  },
  {
    "name": "Nicaragua",
    "short_name": "NI",
    "country_code": "505",
    "timezone": "America/Managua",
    "uts_offset": "",
    "status": 1
  },
  {
    "name": "Niger",
    "short_name": "NE",
    "country_code": "227",
    "timezone": "Africa/Niamey",
    "uts_offset": "",
    "status": 1
  },
  {
    "name": "Nigeria",
    "short_name": "NG",
    "country_code": "234",
    "timezone": "Africa/Lagos",
    "uts_offset": "+01:00",
    "status": 1
  },
  {
    "name": "Niue",
    "short_name": "NU",
    "country_code": "683",
    "timezone": "Pacific/Niue",
    "uts_offset": "+01:00",
    "status": 1
  },
  {
    "name": "Norfolk Island",
    "short_name": "NF",
    "country_code": "672",
    "timezone": "Pacific/Norfolk",
    "uts_offset": "",
    "status": 1
  },
  {
    "name": "North Korea",
    "short_name": "KP",
    "country_code": "850",
    "timezone": "Asia/Pyongyang",
    "uts_offset": "",
    "status": 1
  },
  {
    "name": "North Macedonia",
    "short_name": "MK",
    "country_code": "389",
    "timezone": "",
    "uts_offset": "",
    "status": 1
  },
  {
    "name": "Northern Mariana Islands",
    "short_name": "MP",
    "country_code": "1-670",
    "timezone": "Pacific/Saipan",
    "uts_offset": "",
    "status": 1
  },
  {
    "name": "Norway",
    "short_name": "NO",
    "country_code": "47",
    "timezone": "Europe/Oslo",
    "uts_offset": "",
    "status": 1
  },
  {
    "name": "Oman",
    "short_name": "OM",
    "country_code": "968",
    "timezone": "Asia/Muscat",
    "uts_offset": "",
    "status": 1
  },
  {
    "name": "Pakistan",
    "short_name": "PK",
    "country_code": "92",
    "timezone": "Asia/Karachi",
    "uts_offset": "",
    "status": 1
  },
  {
    "name": "Palau",
    "short_name": "PW",
    "country_code": "680",
    "timezone": "Pacific/Palau",
    "uts_offset": "",
    "status": 1
  },
  {
    "name": "Palestine, State of",
    "short_name": "PS",
    "country_code": "970",
    "timezone": "",
    "uts_offset": "",
    "status": 1
  },
  {
    "name": "Panama",
    "short_name": "PA",
    "country_code": "507",
    "timezone": "America/Panama",
    "uts_offset": "",
    "status": 1
  },
  {
    "name": "Papua New Guinea",
    "short_name": "PG",
    "country_code": "675",
    "timezone": "Pacific/Port_Moresby",
    "uts_offset": "",
    "status": 1
  },
  {
    "name": "Paraguay",
    "short_name": "PY",
    "country_code": "595",
    "timezone": "America/Asuncion",
    "uts_offset": "",
    "status": 1
  },
  {
    "name": "Peru",
    "short_name": "PE",
    "country_code": "51",
    "timezone": "America/Lima",
    "uts_offset": "",
    "status": 1
  },
  {
    "name": "Philippines",
    "short_name": "PH",
    "country_code": "63",
    "timezone": "Asia/Manila",
    "uts_offset": "",
    "status": 1
  },
  {
    "name": "Pitcairn",
    "short_name": "PN",
    "country_code": "64",
    "timezone": "Pacific/Pitcairn",
    "uts_offset": "",
    "status": 1
  },
  {
    "name": "Poland",
    "short_name": "PL",
    "country_code": "48",
    "timezone": "Europe/Warsaw",
    "uts_offset": "",
    "status": 1
  },
  {
    "name": "Portugal",
    "short_name": "PT",
    "country_code": "351",
    "timezone": "Europe/Lisbon",
    "uts_offset": "",
    "status": 1
  },
  {
    "name": "Puerto Rico",
    "short_name": "PR",
    "country_code": "1-787",
    "timezone": "America/Puerto_Rico",
    "uts_offset": "",
    "status": 1
  },
  {
    "name": "Qatar",
    "short_name": "QA",
    "country_code": "974",
    "timezone": "Asia/Qatar",
    "uts_offset": "",
    "status": 1
  },
  {
    "name": "Reunion",
    "short_name": "RE",
    "country_code": "262",
    "timezone": "Indian/Reunion",
    "uts_offset": "",
    "status": 1
  },
  {
    "name": "Romania",
    "short_name": "RO",
    "country_code": "40",
    "timezone": "Europe/Bucharest",
    "uts_offset": "",
    "status": 1
  },
  {
    "name": "Russian Federation",
    "short_name": "RU",
    "country_code": "7",
    "timezone": "Europe/Volgograd",
    "uts_offset": "",
    "status": 1
  },
  {
    "name": "Rwanda",
    "short_name": "RW",
    "country_code": "250",
    "timezone": "Africa/Kigali",
    "uts_offset": "",
    "status": 1
  },
  {
    "name": "Saint Barthalemy",
    "short_name": "BL",
    "country_code": "590",
    "timezone": "",
    "uts_offset": "",
    "status": 1
  },
  {
    "name": "Saint Helena, Ascension and Tristan da Cunha",
    "short_name": "SH",
    "country_code": "290",
    "timezone": "Atlantic/St_Helena",
    "uts_offset": "",
    "status": 1
  },
  {
    "name": "Saint Kitts and Nevis",
    "short_name": "KN",
    "country_code": "1-869",
    "timezone": "America/St_Kitts",
    "uts_offset": "+02:00",
    "status": 1
  },
  {
    "name": "Saint Lucia",
    "short_name": "LC",
    "country_code": "1-758",
    "timezone": "America/St_Lucia",
    "uts_offset": "",
    "status": 1
  },
  {
    "name": "Saint Martin (French part)",
    "short_name": "MF",
    "country_code": "590",
    "timezone": "",
    "uts_offset": "",
    "status": 1
  },
  {
    "name": "Saint Pierre and Miquelon",
    "short_name": "PM",
    "country_code": "508",
    "timezone": "America/Miquelon",
    "uts_offset": "",
    "status": 1
  },
  {
    "name": "Saint Vincent and the Grenadines",
    "short_name": "VC",
    "country_code": "1-784",
    "timezone": "America/St_Vincent",
    "uts_offset": "",
    "status": 1
  },
  {
    "name": "Samoa",
    "short_name": "WS",
    "country_code": "685",
    "timezone": "Pacific/Apia",
    "uts_offset": "",
    "status": 1
  },
  {
    "name": "San Marino",
    "short_name": "SM",
    "country_code": "378",
    "timezone": "Europe/San_Marino",
    "uts_offset": "",
    "status": 1
  },
  {
    "name": "Sao Tome and Principe",
    "short_name": "ST",
    "country_code": "239",
    "timezone": "Africa/Sao_Tome",
    "uts_offset": "",
    "status": 1
  },
  {
    "name": "Saudi Arabia",
    "short_name": "SA",
    "country_code": "966",
    "timezone": "Asia/Riyadh",
    "uts_offset": "+00:00",
    "status": 1
  },
  {
    "name": "Senegal",
    "short_name": "SN",
    "country_code": "221",
    "timezone": "Africa/Dakar",
    "uts_offset": "",
    "status": 1
  },
  {
    "name": "Serbia",
    "short_name": "RS",
    "country_code": "381",
    "timezone": "",
    "uts_offset": "",
    "status": 1
  },
  {
    "name": "Seychelles",
    "short_name": "SC",
    "country_code": "248",
    "timezone": "Indian/Mahe",
    "uts_offset": "+00:00",
    "status": 1
  },
  {
    "name": "Sierra Leone",
    "short_name": "SL",
    "country_code": "232",
    "timezone": "Africa/Freetown",
    "uts_offset": "",
    "status": 1
  },
  {
    "name": "Singapore",
    "short_name": "SG",
    "country_code": "65",
    "timezone": "Asia/Singapore",
    "uts_offset": "+00:00",
    "status": 1
  },
  {
    "name": "Sint Maarten (Dutch part)",
    "short_name": "SX",
    "country_code": "1-721",
    "timezone": "",
    "uts_offset": "",
    "status": 1
  },
  {
    "name": "Slovakia",
    "short_name": "SK",
    "country_code": "421",
    "timezone": "Europe/Bratislava",
    "uts_offset": "",
    "status": 1
  },
  {
    "name": "Slovenia",
    "short_name": "SI",
    "country_code": "386",
    "timezone": "Europe/Ljubljana",
    "uts_offset": "",
    "status": 1
  },
  {
    "name": "Solomon Islands",
    "short_name": "SB",
    "country_code": "677",
    "timezone": "Pacific/Guadalcanal",
    "uts_offset": "",
    "status": 1
  },
  {
    "name": "Somalia",
    "short_name": "SO",
    "country_code": "252",
    "timezone": "Africa/Mogadishu",
    "uts_offset": "",
    "status": 1
  },
  {
    "name": "South Africa",
    "short_name": "ZA",
    "country_code": "27",
    "timezone": "Africa/Johannesburg",
    "uts_offset": "+03:00",
    "status": 1
  },
  {
    "name": "South Georgia and the South Sandwich Islands",
    "short_name": "GS",
    "country_code": "500",
    "timezone": "Atlantic/South_Georgia",
    "uts_offset": "+02:00",
    "status": 1
  },
  {
    "name": "South Korea",
    "short_name": "KR",
    "country_code": "82",
    "timezone": "Asia/Seoul",
    "uts_offset": "",
    "status": 1
  },
  {
    "name": "South Sudan",
    "short_name": "SS",
    "country_code": "211",
    "timezone": "",
    "uts_offset": "",
    "status": 1
  },
  {
    "name": "Spain",
    "short_name": "ES",
    "country_code": "34",
    "timezone": "Europe/Madrid",
    "uts_offset": "",
    "status": 1
  },
  {
    "name": "Sri Lanka",
    "short_name": "LK",
    "country_code": "94",
    "timezone": "Asia/Colombo",
    "uts_offset": "+01:00",
    "status": 1
  },
  {
    "name": "Sudan",
    "short_name": "SD",
    "country_code": "249",
    "timezone": "Africa/Khartoum",
    "uts_offset": "",
    "status": 1
  },
  {
    "name": "Suriname",
    "short_name": "SR",
    "country_code": "597",
    "timezone": "America/Paramaribo",
    "uts_offset": "+03:00",
    "status": 1
  },
  {
    "name": "Svalbard and Jan Mayen",
    "short_name": "SJ",
    "country_code": "47",
    "timezone": "Arctic/Longyearbyen",
    "uts_offset": "",
    "status": 1
  },
  {
    "name": "Swaziland",
    "short_name": "SZ-2",
    "country_code": "268",
    "timezone": "Africa/Mbabane",
    "uts_offset": "",
    "status": 1
  },
  {
    "name": "Sweden",
    "short_name": "SE",
    "country_code": "46",
    "timezone": "Europe/Stockholm",
    "uts_offset": "+02:00",
    "status": 1
  },
  {
    "name": "Switzerland",
    "short_name": "CH",
    "country_code": "41",
    "timezone": "Europe/Zurich",
    "uts_offset": "",
    "status": 1
  },
  {
    "name": "Syrian Arab Republic",
    "short_name": "SY",
    "country_code": "963",
    "timezone": "Asia/Damascus",
    "uts_offset": "",
    "status": 1
  },
  {
    "name": "Taiwan, Province of China",
    "short_name": "TW",
    "country_code": "886",
    "timezone": "Asia/Taipei",
    "uts_offset": "",
    "status": 1
  },
  {
    "name": "Tajikistan",
    "short_name": "TJ",
    "country_code": "992",
    "timezone": "Asia/Dushanbe",
    "uts_offset": "",
    "status": 1
  },
  {
    "name": "Tanzania, United Republic of",
    "short_name": "TZ",
    "country_code": "255",
    "timezone": "Africa/Dar_es_Salaam",
    "uts_offset": "",
    "status": 1
  },
  {
    "name": "Thailand",
    "short_name": "TH",
    "country_code": "66",
    "timezone": "Asia/Bangkok",
    "uts_offset": "+03:00",
    "status": 1
  },
  {
    "name": "Timor-Leste",
    "short_name": "TL",
    "country_code": "670",
    "timezone": "",
    "uts_offset": "",
    "status": 1
  },
  {
    "name": "Togo",
    "short_name": "TG",
    "country_code": "228",
    "timezone": "Africa/Lome",
    "uts_offset": "",
    "status": 1
  },
  {
    "name": "Tokelau",
    "short_name": "TK",
    "country_code": "690",
    "timezone": "Pacific/Fakaofo",
    "uts_offset": "+00:00",
    "status": 1
  },
  {
    "name": "Tonga",
    "short_name": "TO",
    "country_code": "676",
    "timezone": "Pacific/Tongatapu",
    "uts_offset": "",
    "status": 1
  },
  {
    "name": "Trinidad and Tobago",
    "short_name": "TT",
    "country_code": "1-868",
    "timezone": "America/Port_of_Spain",
    "uts_offset": "",
    "status": 1
  },
  {
    "name": "Tunisia",
    "short_name": "TN",
    "country_code": "216",
    "timezone": "Africa/Tunis",
    "uts_offset": "",
    "status": 1
  },
  {
    "name": "Turkey",
    "short_name": "TR",
    "country_code": "90",
    "timezone": "Europe/Istanbul",
    "uts_offset": "+01:00",
    "status": 1
  },
  {
    "name": "Turkmenistan",
    "short_name": "TM",
    "country_code": "993",
    "timezone": "Asia/Ashgabat",
    "uts_offset": "",
    "status": 1
  },
  {
    "name": "Turks and Caicos Islands",
    "short_name": "TC",
    "country_code": "1-649",
    "timezone": "America/Grand_Turk",
    "uts_offset": "",
    "status": 1
  },
  {
    "name": "Tuvalu",
    "short_name": "TV",
    "country_code": "688",
    "timezone": "Pacific/Funafuti",
    "uts_offset": "",
    "status": 1
  },
  {
    "name": "Uganda",
    "short_name": "UG",
    "country_code": "256",
    "timezone": "Africa/Kampala",
    "uts_offset": "",
    "status": 1
  },
  {
    "name": "Ukraine",
    "short_name": "UA",
    "country_code": "380",
    "timezone": "Europe/Zaporozhye",
    "uts_offset": "+03:00",
    "status": 1
  },
  {
    "name": "United Arab Emirates",
    "short_name": "AE",
    "country_code": "971",
    "timezone": "Asia/Dubai",
    "uts_offset": "",
    "status": 1
  },
  {
    "name": "United Kingdom of Great Britain and Northern Ireland",
    "short_name": "GB",
    "country_code": "44",
    "timezone": "Europe/London",
    "uts_offset": "",
    "status": 1
  },
  {
    "name": "United States of America",
    "short_name": "US",
    "country_code": "255",
    "timezone": "Pacific/Honolulu",
    "uts_offset": "",
    "status": 1
  },
  {
    "name": "Uruguay",
    "short_name": "UY",
    "country_code": "598",
    "timezone": "America/Montevideo",
    "uts_offset": "",
    "status": 1
  },
  {
    "name": "Uzbekistan",
    "short_name": "UZ",
    "country_code": "998",
    "timezone": "Asia/Tashkent",
    "uts_offset": "",
    "status": 1
  },
  {
    "name": "Vanuatu",
    "short_name": "VU",
    "country_code": "678",
    "timezone": "Pacific/Efate",
    "uts_offset": "",
    "status": 1
  },
  {
    "name": "Venezuela (Bolivarian Republic of)",
    "short_name": "VE",
    "country_code": "58",
    "timezone": "America/Caracas",
    "uts_offset": "",
    "status": 1
  },
  {
    "name": "Viet Nam",
    "short_name": "VN",
    "country_code": "84",
    "timezone": "Asia/Ho_Chi_Minh",
    "uts_offset": "",
    "status": 1
  },
  {
    "name": "Virgin Islands (U.S.)",
    "short_name": "VI",
    "country_code": "340",
    "timezone": "America/St_Thomas",
    "uts_offset": "",
    "status": 1
  },
  {
    "name": "Wallis and Futuna",
    "short_name": "WF",
    "country_code": "681",
    "timezone": "Pacific/Wallis",
    "uts_offset": "",
    "status": 1
  },
  {
    "name": "Western Sahara",
    "short_name": "EH",
    "country_code": "212",
    "timezone": "Africa/El_Aaiun",
    "uts_offset": "",
    "status": 1
  },
  {
    "name": "Yemen",
    "short_name": "YE",
    "country_code": "967",
    "timezone": "Asia/Aden",
    "uts_offset": "+00:00",
    "status": 1
  },
  {
    "name": "Zambia",
    "short_name": "ZM",
    "country_code": "260",
    "timezone": "Africa/Lusaka",
    "uts_offset": "",
    "status": 1
  },
  {
    "name": "Zimbabwe",
    "short_name": "ZW",
    "country_code": "263",
    "timezone": "Africa/Harare",
    "uts_offset": "+02:00",
    "status": 1
  }
]
