﻿law_category,country,is_federal,state,name,sources,applies_to,industry,effective_date,updated_date,response
Corporate Laws,India,yes,West Bengal,"The Maharashtra Shops and Establishments (Regulation of Employment and Conditions of Service) Act, 201",test source 51,Company,Food Manufacturing,2023-09-29T18:30:00.000Z,2023-07-31T00:00:00.000Z,Record Added.
Corporate Laws,India,no,Uttarakhand,"The Maharashtra Shops and Establishments (Regulation of Employment and Conditions of Service) Act, 202",test source 52,Company,Food Manufacturing,2023-09-29T18:30:00.000Z,2023-07-31T00:00:00.000Z,Record Added.
Corporate Laws,India,yes,Uttar Pradesh,"The Maharashtra Shops and Establishments (Regulation of Employment and Conditions of Service) Act, 203",test source 53,Company,Food Manufacturing,2023-09-29T18:30:00.000Z,2023-07-31T00:00:00.000Z,Record Added.
Corporate Laws,India,yes,West Bengal,"The Maharashtra Shops and Establishments (Regulation of Employment and Conditions of Service) Act, 204",test source 54,Company,Food Manufacturing,2023-09-29T18:30:00.000Z,2023-07-31T00:00:00.000Z,Record Added.
Corporate Laws,India,yes,Uttarakhand,"The Maharashtra Shops and Establishments (Regulation of Employment and Conditions of Service) Act, 205",test source 55,Company,Food Manufacturing,2023-09-29T18:30:00.000Z,2023-07-31T00:00:00.000Z,Record Added.
Corporate Laws,India,yes,Uttar Pradesh,"The Maharashtra Shops and Establishments (Regulation of Employment and Conditions of Service) Act, 206",test source 56,Company,IT,2023-09-29T18:30:00.000Z,2023-07-31T00:00:00.000Z,Record Added.
Corporate Laws,India,yes,West Bengal,"The Maharashtra Shops and Establishments (Regulation of Employment and Conditions of Service) Act, 207",test source 57,Company,IT,2023-09-29T18:30:00.000Z,2023-07-31T00:00:00.000Z,Record Added.
Corporate Laws,India,yes,Uttarakhand,"The Maharashtra Shops and Establishments (Regulation of Employment and Conditions of Service) Act, 208",test source 58,Company,IT,2023-09-29T18:30:00.000Z,2023-07-31T00:00:00.000Z,Record Added.